{"theta0": 0.6651605168935971, "theta1": -0.27994799714169544}